{
  "project_info": {
    "project_number": "728677958411",
    "project_id": "finalexam-6f22f",
    "storage_bucket": "finalexam-6f22f.appspot.com"
  },
  "client": [
    {
      "client_info": {
        "mobilesdk_app_id": "1:728677958411:android:6c6f7e86191e87bac7980e",
        "android_client_info": {
          "package_name": "edu.uncc.finalexam"
        }
      },
      "oauth_client": [
        {
          "client_id": "728677958411-hcko7ectmkk5bk8be4gc1dhhaj40f9ap.apps.googleusercontent.com",
          "client_type": 3
        }
      ],
      "api_key": [
        {
          "current_key": "AIzaSyCuCw47kKvIEYa2FBtP0Kvd06c2OhsPqfs"
        }
      ],
      "services": {
        "appinvite_service": {
          "other_platform_oauth_client": [
            {
              "client_id": "728677958411-hcko7ectmkk5bk8be4gc1dhhaj40f9ap.apps.googleusercontent.com",
              "client_type": 3
            }
          ]
        }
      }
    }
  ],
  "configuration_version": "1"
}